Epitope,Epitope,Epitope,Epitope,Epitope,Epitope,Epitope,Epitope,Epitope,Epitope,Epitope,Epitope,Epitope,Epitope,Epitope,Epitope,Epitope,Related Object,Related Object,Related Object,Related Object,Related Object,Related Object,Related Object,Related Object,Related Object,Related Object,Related Object
Epitope ID,Object Type,Description_Peptide,Epitope Modified Residue(s),Epitope Modification(s),Starting Position,Ending Position,Non-peptidic epitope Accession,Epitope Synonyms,Antigen Name,Antigen Accession,Parent Protein,Parent Protein Accession,Organism Name,Parent Organism,Parent Organism ID,Epitope Comments,Epitope Relationship,Object Type,Description,Starting Position,Ending Position,Non-peptidic object Accession,Synonyms,Antigen Name,Parent Protein,Organism Name,Parent Organism
"449363","Linear peptide","TPRHIIVRF","","","75","83","","","retinoblastoma 1 [Homo sapiens]","AAA69565.1","LINE-1 retrotransposable element ORF1 protein","Q9UN81","Homo sapiens","Homo sapiens","9606","","","","","","","","","","","",""
"454661","Linear peptide","IILSKLLQ","","","66","73","","","hCG2038310, partial","EAX01648.1","LINE-1 retrotransposable element ORF2 protein","O00370","Homo sapiens","Homo sapiens","9606","","","","","","","","","","","",""
"456744","Linear peptide","LYAHKLENL","","","165","173","","","unnamed protein product","BAC85364.1","LINE-1 retrotransposable element ORF2 protein","O00370","Homo sapiens","Homo sapiens","9606","","","","","","","","","","","",""
"520342","Linear peptide","KRIKYLGIQL","","","764","773","","","LINE-1 retrotransposable element ORF2 protein","O00370.1","LINE-1 retrotransposable element ORF2 protein","O00370","Homo sapiens","Homo sapiens","9606","","","","","","","","","","","",""
"542916","Linear peptide","ILPKVIYRF","","","817","825","","","LINE-1 retrotransposable element ORF2 protein","O00370.1","LINE-1 retrotransposable element ORF2 protein","O00370","Homo sapiens","Homo sapiens","9606","","","","","","","","","","","",""
"594651","Linear peptide","ATVTKTAWYW","","","881","890","","","reverse transcriptase homolog - human transposon L1.1","S65824","LINE-1 retrotransposable element ORF2 protein","O00370","Homo sapiens","Homo sapiens","9606","","","","","","","","","","","",""
"597178","Linear peptide","ITLPDFKLYY","","","870","879","","","putative p150","AAC51264.1","LINE-1 retrotransposable element ORF2 protein","O00370","Homo sapiens","Homo sapiens","9606","","","","","","","","","","","",""
"603694","Linear peptide","VTKTAWYWY","","","883","891","","","reverse transcriptase homolog - human transposon L1.1","S65824","LINE-1 retrotransposable element ORF2 protein","O00370","Homo sapiens","Homo sapiens","9606","","","","","","","","","","","",""
"606961","Linear peptide","TTRPALKEL","","","308","316","","","p40","AAC51266.1","LINE-1 retrotransposable element ORF1 protein","Q9UN81","Homo sapiens","Homo sapiens","9606","","","","","","","","","","","",""
"614434","Linear peptide","ATPRHIIVRF","","","212","221","","","LINE-1 retrotransposable element ORF1 protein","Q9UN81.1","LINE-1 retrotransposable element ORF1 protein","Q9UN81","Homo sapiens","Homo sapiens","9606","","","","","","","","","","","",""
"632951","Linear peptide","IVSAQNLLK","","","712","720","","","LINE-1 retrotransposable element ORF2 protein","O00370.1","LINE-1 retrotransposable element ORF2 protein","O00370","Homo sapiens","Homo sapiens","9606","","","","","","","","","","","",""
"719496","Linear peptide","PITGSEIVAI","","","452","461","","","putative p150","AAC51264.1","LINE-1 retrotransposable element ORF2 protein","O00370","Homo sapiens","Homo sapiens","9606","","","","","","","","","","","",""
"735579","Linear peptide","TPRHILVRF","","","213","221","","","unknown [Homo sapiens]","AAD38784.1","LINE-1 retrotransposable element ORF1 protein","Q9UN81","Homo sapiens","Homo sapiens","9606","","","","","","","","","","","",""
"840443","Linear peptide","TLPDFKLYY","","","871","879","","","putative p150","AAC51264.1","LINE-1 retrotransposable element ORF2 protein","O00370","Homo sapiens","Homo sapiens","9606","","","","","","","","","","","",""
"882506","Linear peptide","RIAKSILSQK","","","855","864","","","LINE-1 retrotransposable element ORF2 protein","O00370.1","LINE-1 retrotransposable element ORF2 protein","O00370","Homo sapiens","Homo sapiens","9606","","","","","","","","","","","",""
"906945","Linear peptide","TVTKTAWYW","","","882","890","","","LINE-1 retrotransposable element ORF2 protein","O00370.1","LINE-1 retrotransposable element ORF2 protein","O00370","Homo sapiens","Homo sapiens","9606","","","","","","","","","","","",""
"941475","Linear peptide","SIQQEELTI","","","103","111","","","reverse transcriptase homolog - human transposon L1.1","S65824","LINE-1 retrotransposable element ORF2 protein","O00370","Homo sapiens","Homo sapiens","9606","","","","","","","","","","","",""
"943728","Linear peptide","YAAIKNDEF","","","1232","1240","","","reverse transcriptase homolog - human transposon L1.1","S65824","LINE-1 retrotransposable element ORF2 protein","O00370","Homo sapiens","Homo sapiens","9606","","","","","","","","","","","",""
"950197","Linear peptide","LETIILSK","","","1250","1257","","","reverse transcriptase homolog - human transposon L1.1","GI:2136112","LINE-1 retrotransposable element ORF2 protein","O00370","Homo sapiens","Homo sapiens","9606","","","","","","","","","","","",""
"956191","Linear peptide","YAAIKKDEF","","","45","53","","","hCG2038310, partial","EAX01648.1","LINE-1 retrotransposable element ORF2 protein","O00370","Homo sapiens","Homo sapiens","9606","","","","","","","","","","","",""
"993354","Linear peptide","KTLNKLGIDGTY","","","615","626","","","RNA-directed DNA polymerase","Q8TE30.1","LINE-1 retrotransposable element ORF2 protein","O00370","Homo sapiens","Homo sapiens","9606","","","","","","","","","","","",""
"1024670","Linear peptide","KLDPFLTPY","","","948","956","","","LINE-1 retrotransposable element ORF2 protein","O00370.1","LINE-1 retrotransposable element ORF2 protein","O00370","Homo sapiens","Homo sapiens","9606","","","","","","","","","","","",""
"1048352","Linear peptide","SELPFTIAS","","","754","762","","","reverse transcriptase related protein","GI:225047","LINE-1 retrotransposable element ORF2 protein","O00370","Homo sapiens","Homo sapiens","9606","","","","","","","","","","","",""
"1086581","Linear peptide","SQIMGELPFTI","","","751","761","","","LINE-1 retrotransposable element ORF2 protein","O00370.1","LINE-1 retrotransposable element ORF2 protein","O00370","Homo sapiens","Homo sapiens","9606","","","","","","","","","","","",""
"1112083","Linear peptide","NSHITILTL","","","5","13","","","LINE-1 retrotransposable element ORF2 protein","O00370.1","LINE-1 retrotransposable element ORF2 protein","O00370","Homo sapiens","Homo sapiens","9606","","","","","","","","","","","",""
"1205072","Linear peptide","EIVAIINSL","","","457","465","","","LINE-1 retrotransposable element ORF2 protein","O00370.1","LINE-1 retrotransposable element ORF2 protein","O00370","Homo sapiens","Homo sapiens","9606","HLA LIGAND ATLAS peptide_sequence_id: 129897.","","","","","","","","","","",""
"1324026","Linear peptide","RQPTEWEKI","","","120","128","","","hCG2038158, partial [Homo sapiens]","EAW68883.1","LINE-1 retrotransposable element ORF2 protein","O00370","Homo sapiens","Homo sapiens","9606","","","","","","","","","","","",""
"1399661","Linear peptide","ELKTKAREL","","","92","100","","","LINE-1 retrotransposable element ORF1 protein","Q9UN81.1","LINE-1 retrotransposable element ORF1 protein","Q9UN81","Homo sapiens","Homo sapiens","9606","","","","","","","","","","","",""
"1550797","Linear peptide","NEMKREGKF","","","126","134","","","LINE-1 retrotransposable element ORF1 protein","Q9UN81.1","LINE-1 retrotransposable element ORF1 protein","Q9UN81","Homo sapiens","Homo sapiens","9606","","","","","","","","","","","",""
"1554136","Linear peptide","TADLSAETL","","","250","258","","","LINE-1 retrotransposable element ORF1 protein","Q9UN81.1","LINE-1 retrotransposable element ORF1 protein","Q9UN81","Homo sapiens","Homo sapiens","9606","","","","","","","","","","","",""
"1859054","Linear peptide","PRHIIVRF","","","214","221","","","LINE-1 retrotransposable element ORF1 protein","Q9UN81.1","LINE-1 retrotransposable element ORF1 protein","Q9UN81","Homo sapiens","Homo sapiens","9606","","","","","","","","","","","",""
"1899393","Linear peptide","IIQENFPNL","","","181","189","","","LINE-1 retrotransposable element ORF1 protein","Q9UN81.1","LINE-1 retrotransposable element ORF1 protein","Q9UN81","Homo sapiens","Homo sapiens","9606","","","","","","","","","","","",""
"1903469","Linear peptide","KEKNFQPRI","","","272","280","","","LINE-1 retrotransposable element ORF1 protein","Q9UN81.1","LINE-1 retrotransposable element ORF1 protein","Q9UN81","Homo sapiens","Homo sapiens","9606","","","","","","","","","","","",""
"1924618","Linear peptide","REMQIKTTM + OX(M3, M9)","M3, M9","Oxidation","1102","1110","","","LINE-1 retrotransposable element ORF2 protein","O00370.1","LINE-1 retrotransposable element ORF2 protein","O00370","Homo sapiens","Homo sapiens","9606","","","","","","","","","","","",""
"1931123","Linear peptide","SGYKINVQK","","","378","386","","","NAG13","AAG27485.1","LINE-1 retrotransposable element ORF2 protein","O00370","Homo sapiens","Homo sapiens","9606","","","","","","","","","","","",""
"1974261","Linear peptide","AETLQARREW","","","255","264","","","LINE-1 retrotransposable element ORF1 protein","Q9UN81.1","LINE-1 retrotransposable element ORF1 protein","Q9UN81","Homo sapiens","Homo sapiens","9606","","","","","","","","","","","",""
"1982961","Linear peptide","KDLNVKPK","","","965","972","","","LINE-1 retrotransposable element ORF2 protein","O00370.1","LINE-1 retrotransposable element ORF2 protein","O00370","Homo sapiens","Homo sapiens","9606","","","","","","","","","","","",""
"2014757","Linear peptide","FQSIEKEGI","","","496","504","","","LINE-1 retrotransposable element ORF2 protein","O00370.1","LINE-1 retrotransposable element ORF2 protein","O00370","Homo sapiens","Homo sapiens","9606","","","","","","","","","","","",""
"2036592","Linear peptide","LYANKLENL","","","418","426","","","LINE-1 retrotransposable element ORF2 protein","O00370.1","LINE-1 retrotransposable element ORF2 protein","O00370","Homo sapiens","Homo sapiens","9606","","","","","","","","","","","",""
"2037942","Linear peptide","NFQPRISY","","","275","282","","","LINE-1 retrotransposable element ORF1 protein","Q9UN81.1","LINE-1 retrotransposable element ORF1 protein","Q9UN81","Homo sapiens","Homo sapiens","9606","","","","","","","","","","","",""
"2038198","Linear peptide","NKQWGKDSL","","","923","931","","","LINE-1 retrotransposable element ORF2 protein","O00370.1","LINE-1 retrotransposable element ORF2 protein","O00370","Homo sapiens","Homo sapiens","9606","","","","","","","","","","","",""
"2045226","Linear peptide","RHIIVRFT","","","215","222","","","LINE-1 retrotransposable element ORF1 protein","Q9UN81.1","LINE-1 retrotransposable element ORF1 protein","Q9UN81","Homo sapiens","Homo sapiens","9606","","","","","","","","","","","",""
"2063182","Linear peptide","EAFPLKTGTR","","","649","658","","","LINE-1 retrotransposable element ORF2 protein","O00370.1","LINE-1 retrotransposable element ORF2 protein","O00370","Homo sapiens","Homo sapiens","9606","","","","","","","","","","","",""
"2063578","Linear peptide","EIQTTIREY","","","406","414","","","LINE-1 retrotransposable element ORF2 protein","O00370.1","LINE-1 retrotransposable element ORF2 protein","O00370","Homo sapiens","Homo sapiens","9606","","","","","","","","","","","",""
"2140740","Linear peptide","KKKTNNPIK","","","1062","1070","","","LINE-1 retrotransposable element ORF2 protein","O00370.1","LINE-1 retrotransposable element ORF2 protein","O00370","Homo sapiens","Homo sapiens","9606","","","","","","","","","","","",""
